{"cameraMode":{"drawMode":0,"name":"Shaded","section":"Shading Mode"},"sceneLighting":false,"audioPlay":false,"sceneViewState":{"showFog":true,"showMaterialUpdate":false,"showSkybox":false,"showFlares":true,"showImageEffects":true,"showParticleSystems":true},"in2DMode":false,"pivot":{"x":10.555647850036621,"y":0.4660552740097046,"z":-6.041916370391846},"rotation":{"x":0.07527647167444229,"y":0.6448612213134766,"z":-0.06405073404312134,"w":0.7578830122947693},"size":7.163946151733398,"orthographic":false}