{"cameraMode":{"drawMode":0,"name":"Shaded","section":"Shading Mode"},"sceneLighting":false,"audioPlay":false,"sceneViewState":{"showFog":true,"showMaterialUpdate":false,"showSkybox":false,"showFlares":true,"showImageEffects":true,"showParticleSystems":true},"in2DMode":false,"pivot":{"x":-0.7976616621017456,"y":0.7903707027435303,"z":399.4291687011719},"rotation":{"x":0.010504648089408875,"y":0.9786238074302673,"z":-0.1987825334072113,"w":0.0517156608402729},"size":1.794185757637024,"orthographic":false}