{"cameraMode":{"drawMode":0,"name":"Shaded","section":"Shading Mode"},"sceneLighting":false,"audioPlay":false,"sceneViewState":{"showFog":true,"showMaterialUpdate":false,"showSkybox":false,"showFlares":true,"showImageEffects":true,"showParticleSystems":true},"in2DMode":false,"pivot":{"x":3.080842971801758,"y":0.6549850702285767,"z":-12.718488693237305},"rotation":{"x":-0.03945375606417656,"y":-0.8988585472106934,"z":0.08274521678686142,"w":-0.42856213450431826},"size":5.348788738250732,"orthographic":false}