{"cameraMode":{"drawMode":0,"name":"Shaded","section":"Shading Mode"},"sceneLighting":false,"audioPlay":false,"sceneViewState":{"showFog":true,"showMaterialUpdate":false,"showSkybox":false,"showFlares":true,"showImageEffects":true,"showParticleSystems":true},"in2DMode":false,"pivot":{"x":0.22824223339557649,"y":3.023348331451416,"z":-0.13848978281021119},"rotation":{"x":0.0023455889895558359,"y":0.9962748289108276,"z":0.08147623389959336,"w":-0.028724003583192827},"size":1.4060579538345338,"orthographic":false}