{"cameraMode":{"drawMode":0,"name":"Shaded","section":"Shading Mode"},"sceneLighting":false,"audioPlay":false,"sceneViewState":{"showFog":true,"showMaterialUpdate":false,"showSkybox":false,"showFlares":true,"showImageEffects":true,"showParticleSystems":true},"in2DMode":false,"pivot":{"x":-13.297303199768067,"y":1.5869925022125245,"z":387.4692687988281},"rotation":{"x":0.12252359092235565,"y":0.8772998452186585,"z":-0.31825214624404909,"w":0.3377457857131958},"size":2.4061498641967775,"orthographic":false}