{"cameraMode":{"drawMode":0,"name":"Shaded","section":"Shading Mode"},"sceneLighting":false,"audioPlay":false,"sceneViewState":{"showFog":true,"showMaterialUpdate":false,"showSkybox":false,"showFlares":true,"showImageEffects":true,"showParticleSystems":true},"in2DMode":false,"pivot":{"x":10.225765228271485,"y":-0.3492807149887085,"z":-16.295251846313478},"rotation":{"x":0.04371983930468559,"y":0.9017419815063477,"z":-0.09393852949142456,"w":0.4196805953979492},"size":7.964613437652588,"orthographic":false}