{"cameraMode":{"drawMode":0,"name":"Shaded","section":"Shading Mode"},"sceneLighting":false,"audioPlay":false,"sceneViewState":{"showFog":true,"showMaterialUpdate":false,"showSkybox":false,"showFlares":true,"showImageEffects":true,"showParticleSystems":true},"in2DMode":false,"pivot":{"x":-0.0034222006797790529,"y":1.7400001287460328,"z":0.0772198736667633},"rotation":{"x":0.35336020588874819,"y":0.4375641644001007,"z":-0.19226814806461335,"w":0.8042011260986328},"size":5.142899990081787,"orthographic":false}