{"cameraMode":{"drawMode":0,"name":"Shaded","section":"Shading Mode"},"sceneLighting":false,"audioPlay":false,"sceneViewState":{"showFog":true,"showMaterialUpdate":false,"showSkybox":false,"showFlares":true,"showImageEffects":true,"showParticleSystems":true},"in2DMode":false,"pivot":{"x":0.30000001192092898,"y":0.8999999761581421,"z":2.869999885559082},"rotation":{"x":0.15798775851726533,"y":0.14899201691150666,"z":-0.024123026058077813,"w":0.9758796691894531},"size":1.2031210660934449,"orthographic":false}