{"cameraMode":{"drawMode":0,"name":"Shaded","section":"Shading Mode"},"sceneLighting":false,"audioPlay":false,"sceneViewState":{"showFog":true,"showMaterialUpdate":false,"showSkybox":false,"showFlares":true,"showImageEffects":true,"showParticleSystems":true},"in2DMode":false,"pivot":{"x":-4.148655891418457,"y":0.769515335559845,"z":251.8856201171875},"rotation":{"x":-0.3720133900642395,"y":-0.2755708396434784,"z":0.1166716143488884,"w":-0.8786686658859253},"size":10.449999809265137,"orthographic":false}