{"cameraMode":{"drawMode":0,"name":"Shaded","section":"Shading Mode"},"sceneLighting":false,"audioPlay":false,"sceneViewState":{"showFog":true,"showMaterialUpdate":false,"showSkybox":false,"showFlares":true,"showImageEffects":true,"showParticleSystems":true},"in2DMode":false,"pivot":{"x":-1.0520458221435547,"y":0.9433624148368836,"z":245.94000244140626},"rotation":{"x":0.15798775851726533,"y":0.14899201691150666,"z":-0.024123026058077813,"w":0.9758796691894531},"size":0.961713433265686,"orthographic":false}