{"cameraMode":{"drawMode":0,"name":"Shaded","section":"Shading Mode"},"sceneLighting":false,"audioPlay":false,"sceneViewState":{"showFog":true,"showMaterialUpdate":false,"showSkybox":false,"showFlares":true,"showImageEffects":true,"showParticleSystems":true},"in2DMode":false,"pivot":{"x":-11.869999885559082,"y":1.2699999809265137,"z":245.8000030517578},"rotation":{"x":0.4743608236312866,"y":-0.09472893923521042,"z":0.051431071013212207,"w":0.8737067580223084},"size":10.0,"orthographic":false}