{"cameraMode":{"drawMode":0,"name":"Shaded","section":"Shading Mode"},"sceneLighting":false,"audioPlay":false,"sceneViewState":{"showFog":true,"showMaterialUpdate":false,"showSkybox":false,"showFlares":true,"showImageEffects":true,"showParticleSystems":true},"in2DMode":false,"pivot":{"x":-2.309999942779541,"y":0.619999885559082,"z":-15.267881393432618},"rotation":{"x":0.20413453876972199,"y":0.40613293647766116,"z":-0.09359510987997055,"w":0.8857911825180054},"size":16.73154640197754,"orthographic":false}