{"cameraMode":{"drawMode":0,"name":"Shaded","section":"Shading Mode"},"sceneLighting":false,"audioPlay":false,"sceneViewState":{"showFog":true,"showMaterialUpdate":false,"showSkybox":false,"showFlares":true,"showImageEffects":true,"showParticleSystems":true},"in2DMode":false,"pivot":{"x":0.02533590793609619,"y":0.24016861617565156,"z":-0.026512891054153444},"rotation":{"x":0.20413453876972199,"y":0.40613293647766116,"z":-0.09359510987997055,"w":0.8857911825180054},"size":1.574734091758728,"orthographic":false}