{"cameraMode":{"drawMode":0,"name":"Shaded","section":"Shading Mode"},"sceneLighting":false,"audioPlay":false,"sceneViewState":{"showFog":true,"showMaterialUpdate":false,"showSkybox":false,"showFlares":true,"showImageEffects":true,"showParticleSystems":true},"in2DMode":false,"pivot":{"x":-11.869999885559082,"y":1.2699999809265137,"z":3.5399999618530275},"rotation":{"x":-0.36053845286369326,"y":-0.2990845739841461,"z":0.12325326353311539,"w":-0.8748685717582703},"size":21.01641273498535,"orthographic":false}