{"cameraMode":{"drawMode":0,"name":"Shaded","section":"Shading Mode"},"sceneLighting":false,"audioPlay":false,"sceneViewState":{"showFog":true,"showMaterialUpdate":false,"showSkybox":false,"showFlares":true,"showImageEffects":true,"showParticleSystems":true},"in2DMode":false,"pivot":{"x":-0.12026864290237427,"y":0.1398414969444275,"z":-0.09517323970794678},"rotation":{"x":0.2848459482192993,"y":-0.01869015023112297,"z":0.005559361074119806,"w":0.9583900570869446},"size":1.141135334968567,"orthographic":false}