{"cameraMode":{"drawMode":0,"name":"Shaded","section":"Shading Mode"},"sceneLighting":false,"audioPlay":false,"sceneViewState":{"showFog":true,"showMaterialUpdate":false,"showSkybox":false,"showFlares":true,"showImageEffects":true,"showParticleSystems":true},"in2DMode":false,"pivot":{"x":14.113012313842774,"y":4.942756175994873,"z":1.7271044254302979},"rotation":{"x":0.2848459482192993,"y":-0.01869015023112297,"z":0.005559361074119806,"w":0.9583900570869446},"size":1.694021463394165,"orthographic":false}