{"cameraMode":{"drawMode":0,"name":"Shaded","section":"Shading Mode"},"sceneLighting":false,"audioPlay":false,"sceneViewState":{"showFog":true,"showMaterialUpdate":false,"showSkybox":false,"showFlares":true,"showImageEffects":true,"showParticleSystems":true},"in2DMode":false,"pivot":{"x":0.08289472758769989,"y":2.5745692253112795,"z":-7.889553070068359},"rotation":{"x":-0.006348064169287682,"y":-0.9883881211280823,"z":0.04302145168185234,"w":-0.1457318812608719},"size":1.15639066696167,"orthographic":false}