{"cameraMode":{"drawMode":0,"name":"Shaded","section":"Shading Mode"},"sceneLighting":false,"audioPlay":false,"sceneViewState":{"showFog":true,"showMaterialUpdate":false,"showSkybox":false,"showFlares":true,"showImageEffects":true,"showParticleSystems":true},"in2DMode":false,"pivot":{"x":19.803937911987306,"y":3.6981420516967775,"z":-2.8026740550994875},"rotation":{"x":0.2848459482192993,"y":-0.01869015023112297,"z":0.005559361074119806,"w":0.9583900570869446},"size":1.5747339725494385,"orthographic":false}