{"cameraMode":{"drawMode":0,"name":"Shaded","section":"Shading Mode"},"sceneLighting":false,"audioPlay":false,"sceneViewState":{"showFog":true,"showMaterialUpdate":false,"showSkybox":false,"showFlares":true,"showImageEffects":true,"showParticleSystems":true},"in2DMode":false,"pivot":{"x":13.328518867492676,"y":1.0745691061019898,"z":2.774052858352661},"rotation":{"x":-0.17842572927474976,"y":0.01239044964313507,"z":-0.0022518883924931289,"w":-0.9838863611221314},"size":1.8247449398040772,"orthographic":false}